Diferencia;Forma de plazo (en dies);Fp. Real;Morós
124,83;0;9;0
230,11;0;184;0
-2188,81;30;48;0
-5727,28;75;111;0
-2717;75;98;0
-4901,29;85;56;0
-1076,45;60;68;1
2715,98;50;123;0
-11.678,00;35;38;0
-45303,04;135;130;1
37461,18;0;46;0
682,08;0;3;0
-852,66;30;45;0
0,84;0;0;0
-1367,79;50;88;0
-5944,04;100;124;0
35952,36;0;0;1
-842,59;0;24;0
49437,9;30;66;0
-6013,24;30;60;0
-3869,17;90;103;0
-5265,72;60;67;0
37,43;0;39;0
-1508,52;60;67;0
-288,91;90;88;0
-2393,24;60;111;0
-20218,94;75;105;1
-33058,82;60;98;0
-4058,3;30;71;0
17537,79;60;35;1
-14626,03;95;128;0
-3259,36;105;118;0
8568,87;0;389;0
-2240,56;30;19;0
-4103,06;95;142;0
-17302;120;94;0
-3597,32;60;71;0
-4119,95;80;91;1
-6178,01;55;68;0
-2264,82;80;97;0
-3574,37;90;65;0
662,48;0;12;1
-7717,84;55;54;0
-5682,02;100;141;0
-1720,73;30;76;0
-12088,34;65;66;0
-1791,53;30;90;0
-2985,66;45;46;0
2087,29;0;114;0
-5549,64;0;115;0
1282,09;0;12;0
23,92;55;41;0
-5438,64;30;57;1
-1688,96;75;94;0
-5824,94;120;94;0
-2552,22;75;105;0
-1401,42;80;88;0
-4637,15;0;42;0
-2647,22;30;72;0
-8509,07;37;62;0
-4939,17;40;76;0
-1986,43;60;93;0
-1769,04;72;111;0
-27191,45;60;39;0
389,88;0;?;0
57060,4;100;90;0
-48283,66;60;77;0
-2199,61;45;187;0
1352,48;30;100;0
-4181,05;105;137;0
-46171,93;70;94;0
-2694,09;40;50;0
-11199,85;70;105;0
-4999,94;89;101;1
-2856,01;30;70;0
-1793,84;90;80;0
333,59;0;?;0
75,76;0;?;0
358,91;0;-14;0
-3000;30;120;0
-834,13;60;108;1
-881,3;50;78;0
-4700,03;0;87;1
6411,75;60;-197;0
-99331,9;65;84;0
-4977,34;0;53;0
-2000;50;74;0
20475,8;80;130;0
12571,17;90;117;0
-350,26;90;91;0
-2894,16;60;87;0
1399,72;30;40;0
-5916,09;0;81;0
-7900,98;80;98;0
-7642,31;0;75;0
1379,37;0;45;0
-2716,47;30;68;0
-5955,16;0;18;0
193,36;30;?;0
-23888,12;60;55;0
-2696,88;0;75;0
-2804,4;40;104;0
-5835,26;120;99;0
-2965,76;40;89;0
-5066,22;70;119;0
-2265,58;60;87;0
-2000;0;?;0
226,87;30;107;0
-1575,09;0;0;0
-21287,51;115;124;0
0;0;78;0
1018,36;10;104;0
-7405,12;75;80;0
-11358,37;60;10;0
-63165,36;70;87;0
2339,81;0;16;0
-39452,54;40;58;0
-665,71;0;58;0
20796,14;60;97;1
5278,93;90;96;0
-4544,96;60;82;0
179,93;0;81;0
-20716,89;45;76;0
5122,06;72;75;0
-2238,27;30;41;0
-9867,45;50;116;0
233,42;0;19;0
3,25;0;?;0
512,33;60;85;0
-1844,61;30;55;0
-1603,28;0;78;0
954,66;0;1;0
-2959,95;67;134;0
-4527,96;90;91;0
-4302,14;60;87;0
-1964,67;0;129;0
12607,48;50;101;0
9233,39;100;135;0
-4479,54;70;107;0
-1746,39;30;0;0
-2000;0;128;0
-2852,97;0;8;0
166,55;60;43;0
-5845,41;0;95;0
-2429,38;90;114;0
-5000;80;?;0
-13890,98;60;93;0
-2833,74;40;56;0
-8282,91;60;78;0
-2819,72;82;86;0
-2622,09;90;83;0
-2417,37;30;98;0
123,16;0;3;0
-31961,58;60;86;0
0;0;51;0
-10609,56;75;113;0
-4788,68;60;82;0
-70,54;0;94;0
-16701,12;50;93;0
33,38;0;?;0
62856,26;15;105;1
-3783,47;30;42;0
7469,3;0;236;0
28170,83;15;138;1
-3019,08;30;65;0
-3012,19;34;59;0
35345,07;0;82;0
-5842,88;10;64;0
-5579,86;30;65;0
-10729,57;30;84;0
-15816,77;90;112;0
-5091,57;105;85;0
12867,08;20;92;0
-3004,32;75;106;0
-13914,7;60;113;0
4574,89;60;107;0
-2558,8;30;30;0
-9575,94;60;93;0
480,3;0;148;0
-2453,79;30;100;0
38962,13;115;124;0
-48080,76;45;100;0
-5054,32;78;110;0
557,87;0;284;0
1,5;16;89;0
-3920,68;60;103;0
818,63;0;88;0
-2906,51;30;55;0
-1888,57;65;77;0
-1940,23;0;115;0
2925,05;0;-32;0
-19085,09;90;98;0
-1872;35;49;0
610,88;95;68;0
-5995,75;95;67;0
-3874,48;60;94;0
21288,36;0;52;0
8025,9;80;93;1
-5618,56;30;95;0
1902,15;0;27;0
-18951,66;85;96;0
752,97;0;107;0
-6633,08;85;86;0
865,68;0;103;0
1768,99;0;88;0
-2184,1;60;85;0
-2361,88;91;149;0
-5426,47;60;61;0
20845,96;25;134;0
2977,42;10;73;0
-4295,14;85;110;0
1468,71;15;?;0
-2502,59;45;125;0
-1262,04;60;77;0
97523,3;30;115;1
19765,93;25;67;0
22887,63;0;92;0
-4413,58;60;64;0
-2039,12;30;87;0
144,31;30;0;0
49,64;30;120;0
43290,24;5;75;1
1141,06;60;81;0
-1500,46;40;105;0
501,85;0;80;0
1774,68;0;117;0
4448,82;55;140;1
5304;0;112;0
-5111,15;80;79;0
20292,5;30;54;0
2273,58;0;371;0
-2080,2;85;105;0
-4296,21;70;111;0
22336,19;0;160;0
16574,16;80;109;1
-1001,35;60;164;0
47443,33;15;127;1
1488,07;30;33;0
7465,26;30;121;0
-4755,61;0;48;0
-2856,71;30;62;0
286,73;0;115;0
9569,92;30;105;0
-930,45;55;67;0
88442,67;20;21;1
-818,41;60;50;0
5425,84;0;82;0
-863,47;10;69;0
26786,99;30;20;1
-2889,67;60;66;1
258,01;0;15;0
-840,25;0;114;0
370,34;0;79;0
148,68;0;29;0
2942,05;0;1;0
15278,79;0;11;0
8261,75;0;53;1
-17997,79;0;12;0
0;0;80;0
287,15;0;205;1
5409,69;0;0;0
7,3;0;2;0
-2417,67;120;121;0
2140,48;0;40;0
-2631,54;60;81;0
-3385,5;60;89;0
-1639,21;45;65;0
951,03;55;81;0
7071,59;25;112;1
-1146,16;115;130;1
160,34;30;47;0
-1446,02;60;46;0
12837,19;0;7;0
-2719,11;65;104;0
875,71;20;36;0
-5636,92;0;135;0
-2195,73;0;188;0
69,15;0;78;0
-3000;50;16;0
-7129,78;60;62;1
-9646,07;60;64;0
1677,74;33;51;0
0;25;97;0
60,12;30;56;0
-2917,46;90;111;0
-1514,14;59;48;0
308,22;0;10;0
577,88;0;14;0
30,8;0;20;0
-2833,21;0;23;0
3592,24;120;105;1
4272,31;0;0;0
278,07;25;103;0
90,64;0;5;0
-16888,76;60;75;0
202,01;25;104;0
13968,92;30;44;0
-2632,63;60;54;0
157,06;0;51;0
823,32;0;0;0
1117,82;5;93;1
-4595,23;60;75;0
493,46;0;0;0
-29760,06;63;85;0
-2253;15;138;0
1651,35;0;40;0
-9705,44;30;23;0
11,48;0;2;0
-4617,39;120;121;0
-3390,24;30;51;0
-2180,43;85;101;0
2859,22;0;26;0
-4836,69;30;94;0
-2700,61;60;119;0
1017,06;30;76;0
7882,15;25;139;0
-1182,35;30;68;0
-744,91;36;49;0
71,43;0;1;0
-19730,51;30;40;0
11401,11;15;140;0
39,53;0;6;0
-2032,77;30;43;0
43,91;0;28;0
-15711,67;85;90;0
539,72;0;42;0
26108,76;0;15;0
2267,38;0;0;0
5648,48;0;24;0
2831,93;0;42;1
-10075,68;45;45;0
97,8;5;0;0
8823,01;50;72;0
10352,21;80;77;0
297,73;0;8;0
493120,9;0;154;1
365,12;90;79;0
19309,9;15;137;1
-3757,6;90;82;0
1904,94;0;323;0
3083,35;0;6;0
628,74;0;7;0
-9005,09;90;53;1
-2675,26;10;75;0
281,44;0;7;0
4526,71;60;72;1
155,32;0;3;0
11311,82;0;1;0
-9754,57;45;64;0
-5390,04;60;59;0
5003,19;0;-2;0
-18490,05;85;78;0
24,61;0;42;0
-2000;90;810;0
4888,24;0;29;0
9757,94;5;49;0
73,69;0;0;0
169,63;30;?;0
-1780,51;35;57;0
409,95;0;4;0
-1904;55;64;0
3045,14;0;24;0
26181,97;15;51;0
169,35;0;8;0
276,62;0;1;0
2221,29;0;2;0
38,86;12;4;0
76,46;0;4;0
-1724,14;55;25;0
330,23;0;1;0
-2549,58;60;67;0
18,16;0;0;0
-1104,39;60;66;0
-2808,65;95;145;0
3331,11;30;14;0
-676,21;90;107;0
-4375,27;31;35;0
-26,61;0;2;0
1896,26;0;2;0
156,45;0;4;0
1445,94;0;11;0
-927,29;0;11;0
1444,79;0;1;0
14137,17;15;86;0
3854,59;30;63;0
0;0;24;0
47,08;30;75;0
-835,61;10;30;0
14880,83;30;124;0
127,92;0;2;0
3940,67;0;44;0
4515,33;0;10;0
-2565,22;30;49;0
-2950,72;30;25;0
29,7;0;0;0
701,9;0;55;0
250,05;0;0;0
1379,99;0;32;0
3745,61;0;?;0
664,93;0;8;0
3845,09;30;81;0
2135,23;0;?;0
-3056,25;30;44;0
59993,75;0;154;0
-544,35;30;30;0
2969,98;0;?;0
-700;0;0;0
4605,07;0;1;0
-2613,74;66;75;0
2158,61;0;4;0
-18961,76;30;40;0
999,68;45;38;0
4118,44;30;-3;0
-4088,97;30;39;0
0;0;35;0
0;0;0;0
1746,34;60;39;0
-1253,82;60;73;0
-1545,42;30;44;0
-2036,19;47;52;0
3017,25;0;?;0
-2963,52;75;76;0
-3965,46;30;38;0
98,85;0;0;0
9,12;0;0;0
-5960,93;30;53;0
-798,13;30;47;0
-752,14;90;30;0
-1673,89;30;41;0
-4070,04;70;132;0
-1793,97;60;41;0
-8319,28;60;83;0
-161,83;0;27;0
-1944,32;0;127;0
223,11;0;1;0
1289,48;0;30;0
50;0;0;0
-1401,95;90;95;0
-994,62;0;193;0
2440,07;0;1;0
148,23;0;3;0
-5244,53;65;72;0
0,42;0;1;0
685,04;0;4;0
356,12;0;4;0
0;0;?;0
1820,47;0;0;0
-5013,49;110;145;0
-3040,78;75;67;0
-10312,11;45;80;0
-328,06;60;73;0
10186;0;78;0
-4649,32;30;46;0
-890,11;0;59;0
1050,77;0;2;0
-6829,44;85;85;0
274,37;0;0;0
-3976,67;30;32;0
1081,84;25;148;0
239,91;0;0;0
-24672,88;30;42;0
719,73;0;5;0
2847,15;0;10;0
337,27;0;0;0
508,08;0;1;0
1880,64;0;2;0
-1918,32;30;37;0
-2891,57;0;41;0
36,18;0;0;0
-1039,33;60;37;0
3600,27;0;72;0
-5828,37;0;13;0
419,76;0;7;0
-9565,71;60;47;0
-3279,7;30;45;0
-1709,16;0;21;1
399,8;0;100;0
3066,2;0;10;1
-3794,49;90;98;0
-4264,38;90;91;0
1390;90;85;0
10,84;0;0;0
-12237,72;91;85;0
68,46;60;36;0
401,24;0;7;0
1650,63;0;0;0
-5804,4;0;93;0
-6012,17;0;58;0
-3116,81;30;47;0
-172,53;0;4;0
5,48;0;4;0
-1760,34;50;?;0
0;0;30;0
1865,21;80;90;0
18,04;0;1;0
395,28;0;7;0
-35035,8;90;73;0
-4185,43;50;49;0
-5707,98;78;83;0
405,29;75;55;0
-10314,19;30;40;0
55,71;0;?;0
-14187,36;30;75;0
31,95;0;0;0
140,88;0;133;0
4287,38;60;113;0
50;0;3;0
345,24;0;40;0
128,55;0;72;0
321,5;0;17;0
-12172,77;30;32;0
64,7;0;0;0
-7566,82;35;67;0
-12844;19;32;0
2213,59;0;41;0
871,1;0;5;0
21460,86;30;-25;0
0;0;95;0
-25887,86;100;112;0
-26457,33;90;50;0
-2757,53;40;58;0
308,99;0;2;0
150;0;4;0
-6198,41;40;48;0
-8531,04;0;109;0
325,13;88;78;0
-18436,39;60;59;0
24,27;0;1;0
0;0;0;0
3989,18;30;-1;0
-1959,59;30;52;0
-3144,32;30;45;0
136,59;0;?;0
5278,7;30;61;0
0;0;20;0
-9632,6;60;70;0
1381,89;75;61;0
10815,42;89;59;1
-8634,5;30;66;0
130,05;0;1;0
-5221,2;80;81;0
132,3;30;29;0
1310,33;30;55;0
52,42;0;-5;0
-9975;0;4;0
679,9;45;63;0
87,05;0;3;0
151,36;90;4;0
-19254,63;55;30;0
146,53;0;17;0
153;0;?;0
-2086,57;30;41;0
-9876,1;60;45;0
-2845,21;30;?;0
0,15;40;19;0
355,57;18;24;0
2739,43;0;20;0
-2149,69;30;37;0
11798,38;25;104;0
-30269,76;60;60;0
361,4;0;-4;0
-19897,29;0;61;0
516,87;0;72;0
123052,99;30;111;0
-1837,17;30;32;0
-6037,93;30;55;1
-9446,86;30;24;0
0,01;0;0;0
173,91;30;14;0
-68,78;30;30;0
-1231,37;30;54;0
0;30;?;0
2448,72;0;12;0
-1936,33;75;?;0
177;0;?;0
176,72;0;1;0
-206,33;30;30;0
637,63;18;32;0
-16794,36;0;15;0
1523,48;85;63;0
-341,05;30;?;0
600,02;0;11;0
-49567,92;90;91;0
15246,83;90;202;0
-10022,55;50;49;0
-8,99;0;0;0
2030,88;0;104;1
-9922,52;55;56;0
704,27;0;7;0
14,16;0;0;0
144,37;0;87;0
0;0;?;0
57,35;0;3;0
4000;0;58;0
-14904,33;0;7;0
191,76;0;1;0
-4085,61;55;82;0
335,76;0;4;0
1000;0;38;0
-9526,47;30;0;0
0;0;0;0
330,77;0;15;0
-5043,12;30;52;0
0;0;1;0
40112,8;90;84;0
277,52;30;29;0
1520,11;40;46;0
13,98;0;?;0
-19847,56;80;43;0
16979,43;30;81;0
6033,7;30;170;0
449,56;0;1;0
-13113,11;0;27;0
-11485,1;0;64;0
612,28;65;69;0
-29851,32;55;?;0
-8096,69;75;77;0
-9218,67;60;58;0
-4157,13;30;31;0
422,22;0;1;0
-29969,93;30;30;0
0;0;15;0
-2631,21;60;53;0
-9980,53;85;80;0
3141,48;20;-22;0
-24974,44;35;17;0
-23071,65;60;67;0
194,18;0;41;0
1622,41;30;50;0
-18665,42;0;11;0
16,94;0;?;0
46,61;0;0;0
-1645,97;30;37;0
-7248,77;60;61;0
-10610,02;75;163;0
-9519,4;60;64;0
3180,28;35;47;0
357,28;0;14;0
-11706,86;30;44;0
4060,55;60;83;0
1127,43;0;6;0
-98763,08;67;130;0
5597,02;85;89;0
433,42;0;27;0
-14934,82;60;77;0
-6801,67;80;92;0
-8173,85;35;67;0
5365,28;60;72;0
-365,66;40;113;0
-9555,4;75;?;0
-14973,15;90;40;0
-19744,12;60;88;0
-11848,96;80;82;0
-14802,83;60;66;0
364,51;0;33;0
-29213,38;30;48;0
5527,68;30;29;0
-9841,21;30;33;0
-9919,3;30;1;0
-19971,35;30;37;0
423,6;30;44;0
64,9;30;51;0
-10698,2;60;74;0
0;30;42;0
-9597,39;70;78;0
-10306,32;15;125;0
309,96;30;30;0
-28422,27;118;38;0
-29304,53;30;78;0
-9020,2;30;27;0
-8194,85;30;43;0
-9337,92;60;64;0
2449,61;35;55;0
-9914,19;30;60;0
-9401,15;60;105;0
-9737,14;30;63;0
-13821,98;60;49;0
-4760,1;110;101;0
-11725,56;90;85;0
-3894,87;30;31;0
45,73;15;28;0
-2312,97;75;?;0
0;0;?;0
-3560,46;30;41;0
1157,9;0;2;0
-12946,93;60;74;0
-982,87;0;19;0
-4658,06;50;51;0
205,23;0;73;0
44,44;0;52;0
584,08;0;34;0
-9242,9;30;33;0
225,93;0;0;0
502,07;30;-2;0
-4661,54;60;52;0
31085,14;90;127;0
-9132,45;60;?;0
-8561,51;115;115;0
-10946,84;70;57;0
924,26;0;-1;0
-30,6;0;3;0
376,79;0;1;0
3168,96;0;?;0
-1275,75;55;54;0
-9235,41;40;46;0
-8116,47;40;49;0
-9210,39;70;78;0
1759,54;0;?;0
-14204,74;30;-199;0
897,03;60;69;0
47,2;0;1;0
1687,4;0;4;0
1038,4;0;?;0
0;0;0;0
-6996,06;55;45;0
325,21;0;0;0
-2493,74;50;1;0
56,45;30;51;0
99,76;0;1;0
14244,11;0;?;0
-8557,16;60;77;0
879,16;85;82;0
-14766,15;60;78;0
-1013,99;30;19;0
4115,03;0;?;0
-68,25;30;77;0
754,81;30;35;0
1520,19;55;50;0
-13217,96;45;61;0
813,62;0;18;0
-2951,32;30;111;0
-14834,32;60;60;0
277,38;70;62;0
-15068,27;85;90;0
876,92;50;36;0
1740,67;30;35;0
1042,62;0;27;0
1151,51;120;91;0
250;0;?;0
-2851,62;30;35;0
-920,65;80;68;0
-92,89;0;3;0
10870,41;60;64;0
57717,42;60;0;0
-3888,08;55;39;0
6904,81;0;?;0
-2289,31;30;29;0
4850;0;?;0
54,46;0;8;0
343,99;0;2;0
309,13;45;4;0
3580,73;0;96;0
12603,78;0;0;0
287,09;0;0;0
3789;0;?;0
1651,75;0;0;0
489,06;0;?;0
66,87;0;0;0
704;30;30;0
-899,39;35;3;0
-100;0;1;0
80,96;0;0;0
-2813,51;30;?;0
-1263,78;30;?;0
-5871,42;30;?;0
521,25;0;2;0
50,03;0;1;0
579,09;0;?;0
694,82;30;?;0
77239,49;0;15;0
